error_type,instruction,category,intent,risk_bucket,gold,pred,pred_brief_reason,pred_customer_response,reference_response,raw_output
askback_to_escalate,I need help filing a claim,FEEDBACK,complaint,complaint,Ask Back,Escalate,This complaint should be handled through a human or official review process.,"I’m sorry about your experience. This complaint should be reviewed by the appropriate support team, so I will escalate it for further handling.","I'm sorry to hear that you need assistance in filing a claim. Our team is here to support you throughout this process. To get started, could you please provide me with some details about your claim? This information will help us understand the situation better and ensure that we address your concerns appropriately. Additionally, if you have any supporting documents or evidence related to your claim, please let us know, as it will help expedite the process. Our goal is to provide you with a fair and efficient resolution. How can I assist you further in filing your claim?","{""action"": ""Escalate"", ""brief_reason"": ""This complaint should be handled through a human or official review process."", ""customer_response"": ""I’m sorry about your experience. This complaint should be reviewed by the appropriate support team, so I will escalate it for further handling.""}"
askback_to_escalate,"I would like to make a consumer complaint, will you help me?",FEEDBACK,complaint,complaint,Ask Back,Escalate,This complaint should be handled through a human or official review process.,"I’m sorry about your experience. This complaint should be reviewed by the appropriate support team, so I will escalate it for further handling.","I'm sorry to hear that you have a consumer complaint, and I assure you that I am here to assist you. Your feedback is valuable to us, and we take customer complaints seriously. To better understand the situation and provide a suitable resolution, could you please provide me with the details of your complaint? Our goal is to address your concerns and improve your experience.","{""action"": ""Escalate"", ""brief_reason"": ""This complaint should be handled through a human or official review process."", ""customer_response"": ""I’m sorry about your experience. This complaint should be reviewed by the appropriate support team, so I will escalate it for further handling.""}"
askback_to_escalate,I want assistance to make a consumer claim,FEEDBACK,complaint,complaint,Ask Back,Escalate,This complaint should be handled through a human or official review process.,"I’m sorry about your experience. This complaint should be reviewed by the appropriate support team, so I will escalate it for further handling.","I'm sorry to hear that you want to make a consumer claim. Your voice and feedback are valuable to us, and I assure you that we take your concerns seriously. To ensure that we address your claim appropriately, could you please provide me with more details about the issue you are experiencing? This will help us thoroughly assess the situation and work towards a resolution that meets your expectations. Thank you for bringing this matter to our attention.","{""action"": ""Escalate"", ""brief_reason"": ""This complaint should be handled through a human or official review process."", ""customer_response"": ""I’m sorry about your experience. This complaint should be reviewed by the appropriate support team, so I will escalate it for further handling.""}"
askback_to_escalate,I'm trying to make a consumer clain,FEEDBACK,complaint,complaint,Ask Back,Escalate,This complaint should be handled through a human or official review process.,"I’m sorry about your experience. This complaint should be reviewed by the appropriate support team, so I will escalate it for further handling.","I empathize with your situation and understand your need to make a consumer claim. Your concerns are important to us, and we are here to guide you through the process. To ensure a smooth and efficient resolution, I kindly request some further details regarding the nature of your claim. Could you please provide more information about the issue you experienced? This will help us address your claim effectively and take the necessary steps towards finding a satisfactory solution.","{""action"": ""Escalate"", ""brief_reason"": ""This complaint should be handled through a human or official review process."", ""customer_response"": ""I’m sorry about your experience. This complaint should be reviewed by the appropriate support team, so I will escalate it for further handling.""}"
askback_to_escalate,assistance to file a claim against ur company,FEEDBACK,complaint,complaint,Ask Back,Escalate,This complaint should be handled through a human or official review process.,"I’m sorry about your experience. This complaint should be reviewed by the appropriate support team, so I will escalate it for further handling.","I'm truly sorry to hear that you require assistance in filing a claim against our company. I understand that this can be a frustrating situation, and I'm here to help you navigate through it. Could you please provide me with the details of your claim, including any relevant information or documentation? This will allow me to better understand the situation and guide you towards a resolution. Rest assured, your feedback is of utmost importance, and I will ensure that your claim is thoroughly reviewed by the appropriate team. How can I assist you further in this process?","{""action"": ""Escalate"", ""brief_reason"": ""This complaint should be handled through a human or official review process."", ""customer_response"": ""I’m sorry about your experience. This complaint should be reviewed by the appropriate support team, so I will escalate it for further handling.""}"
askback_to_escalate,need assistance to make a consumer claim against ur business,FEEDBACK,complaint,complaint,Ask Back,Escalate,This complaint should be handled through a human or official review process.,"I’m sorry about your experience. This complaint should be reviewed by the appropriate support team, so I will escalate it for further handling.","I'm cognizant of the fact that you require assistance in making a consumer claim against our business. I'm here to help you navigate through this process and ensure that your concerns are addressed. Could you please provide me with the details of your claim, including any relevant documentation or evidence that can support your case? Rest assured that we take consumer claims seriously and will do our best to resolve the matter to your satisfaction. Thank you for reaching out to us, and I look forward to assisting you further.","{""action"": ""Escalate"", ""brief_reason"": ""This complaint should be handled through a human or official review process."", ""customer_response"": ""I’m sorry about your experience. This complaint should be reviewed by the appropriate support team, so I will escalate it for further handling.""}"
askback_to_escalate,help me filing a reclamation against your business,FEEDBACK,complaint,complaint,Ask Back,Escalate,This complaint should be handled through a human or official review process.,"I’m sorry about your experience. This complaint should be reviewed by the appropriate support team, so I will escalate it for further handling.","I apologize for any inconvenience you may have encountered and I'm here to provide the necessary assistance with filing a reclamation against our business. Your feedback is highly valued, and we want to ensure that your concerns are addressed promptly and appropriately. To proceed with the reclamation process, please provide me with the details of your specific issue or concern, including any relevant documentation or evidence. By working together, we can ensure a thorough investigation and strive for a fair resolution to your reclamation.","{""action"": ""Escalate"", ""brief_reason"": ""This complaint should be handled through a human or official review process."", ""customer_response"": ""I’m sorry about your experience. This complaint should be reviewed by the appropriate support team, so I will escalate it for further handling.""}"
askback_to_escalate,I call to make a consumer claim against your company,FEEDBACK,complaint,complaint,Ask Back,Escalate,This complaint should be handled through a human or official review process.,"I’m sorry about your experience. This complaint should be reviewed by the appropriate support team, so I will escalate it for further handling.","I apologize for any negative experience you may have had. I want to assure you that I'm here to assist you in making your consumer claim against our company. Your feedback is important to us, as it helps us improve our products and services. Let's start by gathering some information about your claim, such as the nature of the complaint and any supporting documentation you may have. Please provide me with the details, and I'll do my best to resolve the matter for you.","{""action"": ""Escalate"", ""brief_reason"": ""This complaint should be handled through a human or official review process."", ""customer_response"": ""I’m sorry about your experience. This complaint should be reviewed by the appropriate support team, so I will escalate it for further handling.""}"
askback_to_escalate,I want assistance lodging a claim against your company,FEEDBACK,complaint,complaint,Ask Back,Escalate,This complaint should be handled through a human or official review process.,"I’m sorry about your experience. This complaint should be reviewed by the appropriate support team, so I will escalate it for further handling.","I grasp your need for assistance in lodging a claim against our company. I'm here to guide you through the process and ensure that your concerns are properly addressed. To begin, could you please provide me with the details of your claim? This will help me gather the necessary information and take the appropriate steps to resolve the issue. Your feedback is essential, and we are committed to addressing your concerns promptly and effectively.","{""action"": ""Escalate"", ""brief_reason"": ""This complaint should be handled through a human or official review process."", ""customer_response"": ""I’m sorry about your experience. This complaint should be reviewed by the appropriate support team, so I will escalate it for further handling.""}"
askback_to_escalate,I need to lodge a consumer claim against your business,FEEDBACK,complaint,complaint,Ask Back,Escalate,This complaint should be handled through a human or official review process.,"I’m sorry about your experience. This complaint should be reviewed by the appropriate support team, so I will escalate it for further handling.","I sincerely apologize for any negative experience you may have had with our business. I understand that you would like to lodge a consumer claim, and I assure you that I am here to assist you through the process. To get started, could you please provide me with specific details regarding your claim? This will help me better understand the situation and ensure that your concerns are addressed promptly and appropriately.","{""action"": ""Escalate"", ""brief_reason"": ""This complaint should be handled through a human or official review process."", ""customer_response"": ""I’m sorry about your experience. This complaint should be reviewed by the appropriate support team, so I will escalate it for further handling.""}"
askback_to_escalate,need asistance filing a consumer claim against your business,FEEDBACK,complaint,complaint,Ask Back,Escalate,This complaint should be handled through a human or official review process.,"I’m sorry about your experience. This complaint should be reviewed by the appropriate support team, so I will escalate it for further handling.","I sympathize with your situation and I'm here to assist you in filing a consumer claim against our business. Your feedback is valuable to us, and we take your concerns seriously. To proceed with the claim, I kindly request you to provide me with the details of your complaint, including any supporting documentation or evidence that you may have. This will help us thoroughly investigate your claim and work towards a resolution. Rest assured, we are committed to resolving the issue and ensuring your satisfaction. Thank you for bringing this matter to our attention.","{""action"": ""Escalate"", ""brief_reason"": ""This complaint should be handled through a human or official review process."", ""customer_response"": ""I’m sorry about your experience. This complaint should be reviewed by the appropriate support team, so I will escalate it for further handling.""}"
askback_to_escalate,want help to file a consumer claim,FEEDBACK,complaint,complaint,Ask Back,Escalate,This complaint should be handled through a human or official review process.,"I’m sorry about your experience. This complaint should be reviewed by the appropriate support team, so I will escalate it for further handling.","I've picked up that you're seeking assistance in filing a consumer claim. I want to assure you that I'm here to support you throughout this process. Could you please provide me with some details about the nature of your claim? This will help me better understand the situation and guide you in the right direction. Your feedback is incredibly valuable, and I appreciate your trust in us to resolve this matter. Let's work together to address your concerns and seek a satisfactory resolution.","{""action"": ""Escalate"", ""brief_reason"": ""This complaint should be handled through a human or official review process."", ""customer_response"": ""I’m sorry about your experience. This complaint should be reviewed by the appropriate support team, so I will escalate it for further handling.""}"
askback_to_escalate,help lodging a claim against ur business,FEEDBACK,complaint,complaint,Ask Back,Escalate,This complaint should be handled through a human or official review process.,"I’m sorry about your experience. This complaint should be reviewed by the appropriate support team, so I will escalate it for further handling.","I'm sorry to hear that you're encountering an issue and need assistance lodging a claim against our business. I assure you, I'm here to support you throughout this process. To provide you with the most effective guidance, could you please provide me with some more details about the nature of your claim? Your feedback is not only valuable but also crucial in helping us improve our products and services. Together, we can work towards a satisfactory resolution.","{""action"": ""Escalate"", ""brief_reason"": ""This complaint should be handled through a human or official review process."", ""customer_response"": ""I’m sorry about your experience. This complaint should be reviewed by the appropriate support team, so I will escalate it for further handling.""}"
askback_to_escalate,help me to lodge a customer claim,FEEDBACK,complaint,complaint,Ask Back,Escalate,This complaint should be handled through a human or official review process.,"I’m sorry about your experience. This complaint should be reviewed by the appropriate support team, so I will escalate it for further handling.","I'm sorry to hear that you're facing a situation that requires lodging a customer claim. I understand that this can be a frustrating experience. Rest assured, I'm here to provide the assistance you need. To efficiently lodge your claim, please provide me with the relevant details, such as the nature of the issue, any supporting documentation, and your preferred outcome. With this information, we'll be able to initiate the necessary process and work towards resolving the matter in a fair and timely manner.","{""action"": ""Escalate"", ""brief_reason"": ""This complaint should be handled through a human or official review process."", ""customer_response"": ""I’m sorry about your experience. This complaint should be reviewed by the appropriate support team, so I will escalate it for further handling.""}"
askback_to_escalate,"I have got to file a reclamation, can you help me?",FEEDBACK,complaint,complaint,Ask Back,Escalate,This complaint should be handled through a human or official review process.,"I’m sorry about your experience. This complaint should be reviewed by the appropriate support team, so I will escalate it for further handling.","I'm sorry to hear that you need to file a reclamation. I understand the importance of resolving your concern, and I'm here to assist you throughout the process. To ensure that your reclamation is properly filed, we will need some specific details from you. Could you please provide me with the nature of your reclamation and any supporting documentation or evidence? This will help us address your concern in a timely and efficient manner. Rest assured, we take reclamation seriously and will do our best to resolve it to your satisfaction.","{""action"": ""Escalate"", ""brief_reason"": ""This complaint should be handled through a human or official review process."", ""customer_response"": ""I’m sorry about your experience. This complaint should be reviewed by the appropriate support team, so I will escalate it for further handling.""}"
askback_to_escalate,my experience with ur brand was awful make a claim,FEEDBACK,complaint,complaint,Ask Back,Escalate,This complaint should be handled through a human or official review process.,"I’m sorry about your experience. This complaint should be reviewed by the appropriate support team, so I will escalate it for further handling.","I'm truly sorry to hear about the awful experience you had with our brand. We value your feedback and take customer satisfaction seriously. To make a claim, please provide me with more details about the specific issue you encountered and any supporting information you have. This will enable us to thoroughly investigate the matter and work towards a resolution that meets your expectations. Thank you for bringing this to our attention, and I assure you that we will do our best to address your concerns promptly.","{""action"": ""Escalate"", ""brief_reason"": ""This complaint should be handled through a human or official review process."", ""customer_response"": ""I’m sorry about your experience. This complaint should be reviewed by the appropriate support team, so I will escalate it for further handling.""}"
askback_to_escalate,helplodging a consumer reclamation against ur business,FEEDBACK,complaint,complaint,Ask Back,Escalate,This complaint should be handled through a human or official review process.,"I’m sorry about your experience. This complaint should be reviewed by the appropriate support team, so I will escalate it for further handling.","I acknowledge your need for assistance in lodging a consumer reclamation against our business. Our team takes all complaints seriously and is here to help you navigate this process smoothly. To get started, please provide me with the specific details of your concern, including any relevant documentation or information. This will allow us to better understand the issue and take the necessary steps to address it. Rest assured, we are committed to resolving any issues and ensuring your satisfaction.","{""action"": ""Escalate"", ""brief_reason"": ""This complaint should be handled through a human or official review process."", ""customer_response"": ""I’m sorry about your experience. This complaint should be reviewed by the appropriate support team, so I will escalate it for further handling.""}"
askback_to_escalate,"I am unhappy with your work, I want to file a consumer claim",FEEDBACK,complaint,complaint,Ask Back,Escalate,This complaint should be handled through a human or official review process.,"I’m sorry about your experience. This complaint should be reviewed by the appropriate support team, so I will escalate it for further handling.","I'm sorry to hear that you're unhappy with our work and feel the need to file a consumer claim. Your feedback is valuable, and we take your concerns seriously. To assist you with this, could you please provide more details about the specific issues you encountered and any relevant documentation or evidence? This will help us thoroughly investigate your claim and work towards a resolution. Rest assured, we are committed to addressing your concerns in a timely and fair manner.","{""action"": ""Escalate"", ""brief_reason"": ""This complaint should be handled through a human or official review process."", ""customer_response"": ""I’m sorry about your experience. This complaint should be reviewed by the appropriate support team, so I will escalate it for further handling.""}"
askback_to_escalate,need help to lodge a complaint against your organization,FEEDBACK,complaint,complaint,Ask Back,Escalate,This complaint should be handled through a human or official review process.,"I'm truly sorry to hear that you need assistance in lodging a complaint against our organization. Your feedback is extremely valuable to us, and we take it seriously. To ensure that your concerns are addressed appropriately, I kindly request you to provide me with the details of your complaint. This will enable us to thoroughly investigate the matter and work towards a resolution. Thank you for bringing this to our attention, and rest assured, we will do everything we can to address your concerns.","I'm sorry to hear that you need assistance in lodging a complaint against our organization. Your feedback is very important to us, and we want to address any concerns you may have. To help you with this, could you please provide me with more details about the nature of your complaint? This will allow us to better understand the issue and take appropriate action to resolve it. Thank you for bringing this to our attention, and we are here to support you throughout this process.","{""action"": ""Escalate"", ""brief_reason"": ""This complaint should be handled through a human or official review process."", ""customer_response"": ""I'm truly sorry to hear that you need assistance in lodging a complaint against our organization. Your feedback is extremely valuable to us, and we take it seriously. To ensure that your concerns are addressed appropriately, I kindly request you to provide me with the details of your complaint. This will enable us to thoroughly investigate the matter and work towards a resolution. Thank you for bringing this to our attention, and rest assured, we will do everything we can to address your concerns.""}"
askback_to_escalate,I want to lodge a customer claim against your organization,FEEDBACK,complaint,complaint,Ask Back,Escalate,This complaint should be handled through a human or official review process.,"I’m sorry about your experience. This complaint should be reviewed by the appropriate support team, so I will escalate it for further handling.","I deeply regret any inconvenience or dissatisfaction you may have experienced with our organization, and I understand your desire to lodge a customer claim. Your feedback is important to us as it allows us to address any issues and improve our services. To properly assist you, I kindly request that you provide me with the specific details of your claim. This will enable us to thoroughly investigate the matter and take the necessary steps towards resolution. Your satisfaction is our utmost priority, and we are committed to resolving this matter in a fair and timely manner. How can I further support you in lodging your customer claim?","{""action"": ""Escalate"", ""brief_reason"": ""This complaint should be handled through a human or official review process."", ""customer_response"": ""I’m sorry about your experience. This complaint should be reviewed by the appropriate support team, so I will escalate it for further handling.""}"
askback_to_escalate,I want assistance making a complaint against your business,FEEDBACK,complaint,complaint,Ask Back,Escalate,This complaint should be handled through a human or official review process.,"I’m sorry about your experience. This complaint should be reviewed by the appropriate support team, so I will escalate it for further handling.","I'm sorry to hear that you've had a negative experience and feel the need to make a complaint. Our company takes customer feedback very seriously, and I assure you that I'm here to assist you in the best possible way. To proceed with your complaint, I would need some specific details. Could you please provide me with the nature of your complaint, along with any relevant information and supporting documentation? This will help me get a better understanding of the situation and ensure that your concerns are addressed by the appropriate team. Rest assured that we will work diligently to investigate and resolve your complaint.","{""action"": ""Escalate"", ""brief_reason"": ""This complaint should be handled through a human or official review process."", ""customer_response"": ""I’m sorry about your experience. This complaint should be reviewed by the appropriate support team, so I will escalate it for further handling.""}"
askback_to_escalate,"I am unhappy with your services, help filing a complaint",FEEDBACK,complaint,complaint,Ask Back,Escalate,This complaint should be handled through a human or official review process.,"I’m sorry about your experience. This complaint should be reviewed by the appropriate support team, so I will escalate it for further handling.","I'm really sorry to hear that you're unhappy with our services. Your satisfaction is of utmost importance to us, and we appreciate you bringing this matter to our attention. To ensure that your complaint is properly addressed, I kindly request you to provide specific details regarding the issue you encountered. This will enable us to thoroughly investigate the matter and find an appropriate resolution. We take customer feedback seriously and will take the necessary steps to address your concerns promptly. Thank you for bringing this to our attention, and I assure you that we will do everything we can to make things right.","{""action"": ""Escalate"", ""brief_reason"": ""This complaint should be handled through a human or official review process."", ""customer_response"": ""I’m sorry about your experience. This complaint should be reviewed by the appropriate support team, so I will escalate it for further handling.""}"
askback_to_escalate,can uhelp me file a customer reeclamation,FEEDBACK,complaint,complaint,Ask Back,Escalate,This complaint should be handled through a human or official review process.,"I’m sorry about your experience. This complaint should be reviewed by the appropriate support team, so I will escalate it for further handling.","I appreciate that you need assistance in filing a customer reclamation, and I apologize for any inconvenience you may have faced. Our company takes customer feedback seriously, and I assure you that we are committed to resolving this issue. To proceed with filing a reclamation, I will need some specific details from you. Could you please provide me with the relevant information regarding your complaint? This will enable us to initiate the necessary investigation and take appropriate actions to rectify the situation. Thank you for bringing this matter to our attention, and rest assured, we will work diligently to address your concerns.","{""action"": ""Escalate"", ""brief_reason"": ""This complaint should be handled through a human or official review process."", ""customer_response"": ""I’m sorry about your experience. This complaint should be reviewed by the appropriate support team, so I will escalate it for further handling.""}"
askback_to_escalate,could you help me file a customer reclamation?,FEEDBACK,complaint,complaint,Ask Back,Escalate,This complaint should be handled through a human or official review process.,"I’m sorry about your experience. This complaint should be reviewed by the appropriate support team, so I will escalate it for further handling.","I'm truly sorry to hear that you need to file a customer reclamation. We take complaints seriously, and I'm here to assist you every step of the way. Can you please provide me with the details of your concern? This will help me ensure that your reclamation is properly documented and addressed by the appropriate team. Your feedback is essential in our continuous improvement efforts, and I'm committed to ensuring a satisfactory resolution. Let's work together to resolve your issue.","{""action"": ""Escalate"", ""brief_reason"": ""This complaint should be handled through a human or official review process."", ""customer_response"": ""I’m sorry about your experience. This complaint should be reviewed by the appropriate support team, so I will escalate it for further handling.""}"
askback_to_escalate,"my experience with you was too bad, lodge a complaint",FEEDBACK,complaint,complaint,Ask Back,Escalate,This complaint should be handled through a human or official review process.,"I’m sorry about your experience. This complaint should be reviewed by the appropriate support team, so I will escalate it for further handling.","I'm truly sorry to hear that your experience with us was not up to your expectations. Your feedback is extremely important to us, as it helps us identify areas for improvement. I want to assure you that I am here to listen to your concerns and assist you in any way possible. To proceed with lodging a complaint, could you please provide me with specific details about what went wrong? This information will enable us to thoroughly investigate the issue and work towards finding a satisfactory resolution.","{""action"": ""Escalate"", ""brief_reason"": ""This complaint should be handled through a human or official review process."", ""customer_response"": ""I’m sorry about your experience. This complaint should be reviewed by the appropriate support team, so I will escalate it for further handling.""}"
askback_to_escalate,I want assistance to file a claim against your organization,FEEDBACK,complaint,complaint,Ask Back,Escalate,This complaint should be handled through a human or official review process.,"I’m sorry about your experience. This complaint should be reviewed by the appropriate support team, so I will escalate it for further handling.","I'm truly sorry to hear that you want to file a claim against our organization. We take your concerns seriously and appreciate you bringing them to our attention. To assist you with this process, please provide me with the specific details of your claim. This will enable us to thoroughly investigate the matter and ensure that it is addressed in an appropriate and timely manner. Thank you for reaching out to us, and we are here to support you throughout this process.","{""action"": ""Escalate"", ""brief_reason"": ""This complaint should be handled through a human or official review process."", ""customer_response"": ""I’m sorry about your experience. This complaint should be reviewed by the appropriate support team, so I will escalate it for further handling.""}"
askback_to_escalate,i need help to lodge a customer claim agaisnt ur business,FEEDBACK,complaint,complaint,Ask Back,Escalate,This complaint should be handled through a human or official review process.,"I’m sorry about your experience. This complaint should be reviewed by the appropriate support team, so I will escalate it for further handling.","I'm sorry to hear that you need assistance in lodging a customer claim against our business. We understand the importance of addressing your concerns and want to ensure that you have a smooth experience throughout the process. To initiate the claim, please provide us with detailed information regarding the issue you're facing, including any relevant documentation or evidence. Our dedicated team will thoroughly review your claim and work towards a resolution that meets your expectations. Rest assured, we are committed to resolving your concerns and providing the support you need.","{""action"": ""Escalate"", ""brief_reason"": ""This complaint should be handled through a human or official review process."", ""customer_response"": ""I’m sorry about your experience. This complaint should be reviewed by the appropriate support team, so I will escalate it for further handling.""}"
askback_to_escalate,"I have got to file a bloody reclamation, will you help me?",FEEDBACK,complaint,complaint,Ask Back,Escalate,This complaint should be handled through a human or official review process.,"I’m sorry about your experience. This complaint should be reviewed by the appropriate support team, so I will escalate it for further handling.","I'm sincerely sorry to hear that you've encountered an issue and require assistance filing a reclamation. Your feedback is incredibly important to us, and I want to assure you that we take your concerns seriously. I kindly request you to provide specific details about the nature of your complaint so that we can thoroughly investigate the matter and work towards a resolution. Your satisfaction is our utmost priority, and we are committed to making things right. How may I assist you further with this?","{""action"": ""Escalate"", ""brief_reason"": ""This complaint should be handled through a human or official review process."", ""customer_response"": ""I’m sorry about your experience. This complaint should be reviewed by the appropriate support team, so I will escalate it for further handling.""}"
askback_to_escalate,I need to lodge a customer claim against your business,FEEDBACK,complaint,complaint,Ask Back,Escalate,This complaint should be handled through a human or official review process.,"I’m sorry about your experience. This complaint should be reviewed by the appropriate support team, so I will escalate it for further handling.","I deeply apologize for any inconvenience you may have experienced, and I appreciate your decision to lodge a customer claim. Your satisfaction is our utmost priority, and we take all claims seriously. To assist you with this process, could you please provide me with more details about your claim? This information will allow us to initiate an investigation promptly and work towards a resolution. We appreciate your patience and cooperation.","{""action"": ""Escalate"", ""brief_reason"": ""This complaint should be handled through a human or official review process."", ""customer_response"": ""I’m sorry about your experience. This complaint should be reviewed by the appropriate support team, so I will escalate it for further handling.""}"
askback_to_escalate,help me file a consumer complaint against ur company,FEEDBACK,complaint,complaint,Ask Back,Escalate,This complaint should be handled through a human or official review process.,"I’m sorry about your experience. This complaint should be reviewed by the appropriate support team, so I will escalate it for further handling.","I'm sorry to hear that you're looking to file a consumer complaint against our company. Your feedback is valuable to us, and I want to ensure that your concerns are addressed appropriately. To help you with the process, I kindly request you to provide me with the details of your complaint, such as the nature of the issue and any relevant documentation or evidence you may have. This will allow us to thoroughly investigate and resolve the matter as quickly as possible. Thank you for bringing this to our attention, and rest assured, we are committed to resolving the issue in a fair and satisfactory manner.","{""action"": ""Escalate"", ""brief_reason"": ""This complaint should be handled through a human or official review process."", ""customer_response"": ""I’m sorry about your experience. This complaint should be reviewed by the appropriate support team, so I will escalate it for further handling.""}"
askback_to_escalate,can you help me to file a customer reclamation?,FEEDBACK,complaint,complaint,Ask Back,Escalate,This complaint should be handled through a human or official review process.,"I’m sorry about your experience. This complaint should be reviewed by the appropriate support team, so I will escalate it for further handling.","I'm cognizant of the fact that you require assistance with filing a customer reclamation, and I'm here to guide you through the process. Your feedback is extremely valuable to us, as it helps us continuously improve our products and services. To get started, may I kindly ask you to provide me with the details of your specific concern? This will enable us to initiate the appropriate steps to address your reclamation promptly and effectively. Thank you for reaching out to us, and please know that we appreciate your patience and understanding in this matter.","{""action"": ""Escalate"", ""brief_reason"": ""This complaint should be handled through a human or official review process."", ""customer_response"": ""I’m sorry about your experience. This complaint should be reviewed by the appropriate support team, so I will escalate it for further handling.""}"
askback_to_escalate,need help to file an customer claim against ur organization,FEEDBACK,complaint,complaint,Ask Back,Escalate,This complaint should be handled through a human or official review process.,"I’m sorry about your experience. This complaint should be reviewed by the appropriate support team, so I will escalate it for further handling.","I truly understand the importance of filing a customer claim against our organization. I apologize for any inconvenience you may have experienced and I appreciate you bringing this matter to our attention. To ensure a smooth claim process, I will guide you step-by-step. Could you please provide me with the details of your claim, such as the nature of the issue and any supporting documentation? This will enable me to assist you further and escalate your claim to the appropriate department. We value your feedback and are committed to resolving this matter for you.","{""action"": ""Escalate"", ""brief_reason"": ""This complaint should be handled through a human or official review process."", ""customer_response"": ""I’m sorry about your experience. This complaint should be reviewed by the appropriate support team, so I will escalate it for further handling.""}"
askback_to_escalate,assistance to lodge a fucking consumer claim,FEEDBACK,complaint,complaint,Ask Back,Escalate,This complaint should be handled through a human or official review process.,"I’m sorry about your experience. This complaint should be reviewed by the appropriate support team, so I will escalate it for further handling.","I'm sorry to hear that you're facing an issue and need assistance in lodging a consumer claim. I apologize for any frustration you may be feeling. To ensure that I can assist you effectively, could you please provide further details about your claim? It's important to us that we address your concerns promptly and appropriately. Your feedback helps us improve our services and resolve any problems that may have occurred. Thank you for reaching out to us, and I'm here to help you through the process of lodging your consumer claim.","{""action"": ""Escalate"", ""brief_reason"": ""This complaint should be handled through a human or official review process."", ""customer_response"": ""I’m sorry about your experience. This complaint should be reviewed by the appropriate support team, so I will escalate it for further handling.""}"
askback_to_escalate,I need assistance to make an consumer complaint,FEEDBACK,complaint,complaint,Ask Back,Escalate,This complaint should be handled through a human or official review process.,"I’m sorry about your experience. This complaint should be reviewed by the appropriate support team, so I will escalate it for further handling.","I'm sorry to hear that you've had a negative experience and need assistance filing a consumer complaint. I understand the importance of addressing your concerns and ensuring that they are properly resolved. To ensure that your complaint is handled appropriately, could you please provide me with the specific details of the incident or issue you would like to file a complaint about? Your feedback is highly valuable to us, and I want to make sure that it is thoroughly documented and escalated to the relevant team for review. Thank you for reaching out to us, and I'm here to provide the necessary support throughout this process.","{""action"": ""Escalate"", ""brief_reason"": ""This complaint should be handled through a human or official review process."", ""customer_response"": ""I’m sorry about your experience. This complaint should be reviewed by the appropriate support team, so I will escalate it for further handling.""}"
askback_to_escalate,wanna lodge a complaint,FEEDBACK,complaint,complaint,Ask Back,Escalate,This complaint should be handled through a human or official review process.,"I’m sorry about your experience. This complaint should be reviewed by the appropriate support team, so I will escalate it for further handling.","I'm sorry to hear that you want to lodge a complaint. Your feedback is valuable to us, and I want to assure you that we take all complaints seriously. To proceed with filing a complaint, I will need some more details about the issue you encountered. Could you please provide me with a brief description of what happened? This will help us investigate the matter thoroughly and provide you with an appropriate resolution. Thank you for bringing this to our attention, and I'm here to assist you throughout the process.","{""action"": ""Escalate"", ""brief_reason"": ""This complaint should be handled through a human or official review process."", ""customer_response"": ""I’m sorry about your experience. This complaint should be reviewed by the appropriate support team, so I will escalate it for further handling.""}"
askback_to_escalate,could you help me file a reclamation ?,FEEDBACK,complaint,complaint,Ask Back,Escalate,This complaint should be handled through a human or official review process.,"I’m sorry about your experience. This complaint should be reviewed by the appropriate support team, so I will escalate it for further handling.","I'm sorry to hear that you need help filing a reclamation. I'd be more than happy to assist you with that. To better understand your situation, could you please provide me with some details about the nature of the reclamation? This will help me guide you through the process more effectively and provide you with the necessary support.","{""action"": ""Escalate"", ""brief_reason"": ""This complaint should be handled through a human or official review process."", ""customer_response"": ""I’m sorry about your experience. This complaint should be reviewed by the appropriate support team, so I will escalate it for further handling.""}"
askback_to_escalate,help me to lodge a consumer claim,FEEDBACK,complaint,complaint,Ask Back,Escalate,This complaint should be handled through a human or official review process.,"I’m sorry about your experience. This complaint should be reviewed by the appropriate support team, so I will escalate it for further handling.","I'm attuned to the idea that you need assistance in lodging a consumer claim. I'm here to guide you through the process and ensure that your concerns are addressed. To begin, could you please provide me with specific details about your claim, such as the nature of the issue, any relevant documentation, and the desired outcome? By understanding the complete picture, we can work together to find a resolution that meets your expectations.","{""action"": ""Escalate"", ""brief_reason"": ""This complaint should be handled through a human or official review process."", ""customer_response"": ""I’m sorry about your experience. This complaint should be reviewed by the appropriate support team, so I will escalate it for further handling.""}"
askback_to_escalate,want help filing a consumer complaint,FEEDBACK,complaint,complaint,Ask Back,Escalate,This complaint should be handled through a human or official review process.,"I’m sorry about your experience. This complaint should be reviewed by the appropriate support team, so I will escalate it for further handling.","I can relate that you need assistance with filing a consumer complaint, and I'm here to help you. Filing a complaint allows us to address your concerns and work towards a resolution. To get started, please provide me with the details of your complaint, including any relevant documentation or evidence. This will help us investigate the matter thoroughly and provide you with the appropriate support. Rest assured, we take complaints seriously and are committed to resolving them in a fair and timely manner. Let's work together to find a satisfactory resolution.","{""action"": ""Escalate"", ""brief_reason"": ""This complaint should be handled through a human or official review process."", ""customer_response"": ""I’m sorry about your experience. This complaint should be reviewed by the appropriate support team, so I will escalate it for further handling.""}"
askback_to_escalate,I'm trying to file a consumer claim against ur business,FEEDBACK,complaint,complaint,Ask Back,Escalate,This complaint should be handled through a human or official review process.,"I’m sorry about your experience. This complaint should be reviewed by the appropriate support team, so I will escalate it for further handling.","I'm sincerely sorry to hear that you're facing an issue and need to file a consumer claim against our business. Your feedback is important to us, and we take complaints seriously. To ensure an effective resolution, could you kindly provide more details about the nature of your claim? This will help us expedite the process and address your concerns promptly. Thank you for reaching out, and rest assured, we are committed to resolving this matter to your satisfaction.","{""action"": ""Escalate"", ""brief_reason"": ""This complaint should be handled through a human or official review process."", ""customer_response"": ""I’m sorry about your experience. This complaint should be reviewed by the appropriate support team, so I will escalate it for further handling.""}"
askback_to_escalate,I want assistance to lodge a claim,FEEDBACK,complaint,complaint,Ask Back,Escalate,This complaint should be handled through a human or official review process.,"I’m sorry about your experience. This complaint should be reviewed by the appropriate support team, so I will escalate it for further handling.","I catch on to the fact that you are seeking assistance to lodge a claim, and I'm here to help you through the process. Filing a claim can be a complex procedure, but rest assured that I will guide you step by step. To ensure that your claim is handled efficiently, I will need some specific details from you, such as the nature of the claim, any supporting documentation you have, and any relevant dates or times. This information will help us investigate the matter thoroughly and provide you with the appropriate assistance. Together, we will work towards a resolution and ensure that your concerns are addressed.","{""action"": ""Escalate"", ""brief_reason"": ""This complaint should be handled through a human or official review process."", ""customer_response"": ""I’m sorry about your experience. This complaint should be reviewed by the appropriate support team, so I will escalate it for further handling.""}"
askback_to_escalate,I want help to talk to a live agent,CONTACT,contact_human_agent,human_agent,Ask Back,Escalate,"The user is requesting human support, so the case should be escalated.","We're here to help! I take note that you're seeking assistance in talking to a live agent. Our dedicated team of experts is ready to provide personalized support and address any concerns you may have. To connect you with a live agent, please allow me a moment to transfer your call. Your patience is greatly appreciated.","Always good to connect! I'm attuned to the fact that you need assistance to talk to a live agent. Rest assured, I'm here to help you with that. To connect you with a live agent, please provide me with some more details about your issue or query. This will help us ensure that the agent who assists you is well-equipped to address your specific needs. Your cooperation is greatly appreciated, and we'll get you connected to a live agent in no time.","{""action"": ""Escalate"", ""brief_reason"": ""The user is requesting human support, so the case should be escalated."", ""customer_response"": ""We're here to help! I take note that you're seeking assistance in talking to a live agent. Our dedicated team of experts is ready to provide personalized support and address any concerns you may have. To connect you with a live agent, please allow me a moment to transfer your call. Your patience is greatly appreciated.""}"
askback_to_escalate,can ya direct to me an agent,CONTACT,contact_human_agent,human_agent,Ask Back,Escalate,"The user is requesting human support, so the case should be escalated.","I’ll route this to a human support agent so they can review the case and assist you further. Please keep any relevant order, account, or issue details available for the agent.","We're here for you! I'm aware that you would like to be directed to an agent. Our team of dedicated agents is here to assist you with any concerns or questions you may have. To connect you with an agent, may I know the nature of your inquiry or the specific topic you need assistance with? This will help me ensure that you are directed to the most suitable agent who can provide you with the right guidance. Your satisfaction is our top priority, and we are committed to resolving your issue efficiently and effectively. Please take a moment to share your query or concern, and I will transfer you to an agent who specializes in that area.","{""action"": ""Escalate"", ""brief_reason"": ""The user is requesting human support, so the case should be escalated."", ""customer_response"": ""I’ll route this to a human support agent so they can review the case and assist you further. Please keep any relevant order, account, or issue details available for the agent.""}"
askback_to_escalate,"you aren't helpful at all, how could I contact someone?",CONTACT,contact_human_agent,human_agent,Ask Back,Escalate,"The user is requesting human support, so the case should be escalated.","Thank you for reaching out! I apologize if you feel that way. I understand your frustration and I'm here to assist you in contacting someone who can help address your concerns. To ensure you receive the best assistance possible, please allow me a moment to connect you with a human representative who will be able to provide you with the support you need. Your satisfaction is our top priority, and we appreciate your patience.","Thank you for reaching out! I'm sorry if you feel that way. I understand your frustration and the importance of connecting with a human representative. To better assist you, could you please provide more information about your issue? By understanding the specific problem you're facing, I can ensure that you are directed to the appropriate person for assistance. Your feedback is essential in helping us improve our services. While I gather the necessary details, rest assured that I'm here with you every step of the way.","{""action"": ""Escalate"", ""brief_reason"": ""The user is requesting human support, so the case should be escalated."", ""customer_response"": ""Thank you for reaching out! I apologize if you feel that way. I understand your frustration and I'm here to assist you in contacting someone who can help address your concerns. To ensure you receive the best assistance possible, please allow me a moment to connect you with a human representative who will be able to provide you with the support you need. Your satisfaction is our top priority, and we appreciate your patience.""}"
askback_to_escalate,would it be possible to talk to an operator?,CONTACT,contact_human_agent,human_agent,Ask Back,Escalate,"The user is requesting human support, so the case should be escalated.","I’ll route this to a human support agent so they can review the case and assist you further. Please keep any relevant order, account, or issue details available for the agent.","Grateful for your contact! I get the sense that you would like to speak to an operator for assistance. Our team of dedicated human agents is here to help you. To connect you with the right person, may I please know the reason for your call? Providing specific details about your concern will enable us to expedite the process and ensure you receive the most accurate assistance. We value your time and are committed to resolving your issue efficiently.","{""action"": ""Escalate"", ""brief_reason"": ""The user is requesting human support, so the case should be escalated."", ""customer_response"": ""I’ll route this to a human support agent so they can review the case and assist you further. Please keep any relevant order, account, or issue details available for the agent.""}"
askback_to_escalate,want assistance to speak with someone,CONTACT,contact_human_agent,human_agent,Ask Back,Escalate,"The user is requesting human support, so the case should be escalated.",I understand that you would like to speak with a human support agent. I will route this request to the appropriate support team for further assistance.,"We're all ears! I'm tuned into the idea that you're seeking assistance to speak with someone. Our dedicated team of human representatives is here to help you. To swiftly connect you with the right person, may I ask if there is a specific department or issue you need assistance with? By understanding your needs, we can ensure that you receive the most suitable support. Please take a moment to share more details, and we'll make sure to get you in touch with the right person. We truly appreciate your patience and look forward to resolving your concerns.","{""action"": ""Escalate"", ""brief_reason"": ""The user is requesting human support, so the case should be escalated."", ""customer_response"": ""I understand that you would like to speak with a human support agent. I will route this request to the appropriate support team for further assistance.""}"
askback_to_escalate,contcat an agent,CONTACT,contact_human_agent,human_agent,Ask Back,Escalate,"The user is requesting human support, so the case should be escalated.","I’ll route this to a human support agent so they can review the case and assist you further. Please keep any relevant order, account, or issue details available for the agent.","Thank you for reaching out! I completely understand that you are looking to contact an agent. Our team of dedicated agents is here to assist you. To connect with an agent, please provide us with some additional information about your query or concern. This will enable us to direct you to the right person who specializes in addressing your specific needs. We appreciate your patience and cooperation as we work towards providing you with the best assistance possible.","{""action"": ""Escalate"", ""brief_reason"": ""The user is requesting human support, so the case should be escalated."", ""customer_response"": ""I’ll route this to a human support agent so they can review the case and assist you further. Please keep any relevant order, account, or issue details available for the agent.""}"
askback_to_escalate,i need help speaking with a person,CONTACT,contact_human_agent,human_agent,Ask Back,Escalate,"The user is requesting human support, so the case should be escalated.",I understand that you would like to speak with a human support agent. I will route this request to the appropriate support team for further assistance.,"We value your outreach! I'm in tune with the fact that you need help speaking with a person, and I'm here to assist you. Our team of dedicated human representatives is available to help you with your concerns. To connect you with the right person, may I ask you to provide some more information about the nature of your inquiry or the specific department you need assistance from? This will allow us to ensure that you receive the most appropriate and efficient support. Your satisfaction is our priority, and we will do our best to assist you promptly. Please provide the required details, and we will guide you towards a resolution.","{""action"": ""Escalate"", ""brief_reason"": ""The user is requesting human support, so the case should be escalated."", ""customer_response"": ""I understand that you would like to speak with a human support agent. I will route this request to the appropriate support team for further assistance.""}"
askback_to_escalate,help me speaking to someone,CONTACT,contact_human_agent,human_agent,Ask Back,Escalate,"The user is requesting human support, so the case should be escalated.",I understand that you would like to speak with a human support agent. I will route this request to the appropriate support team for further assistance.,"Grateful for your contact! I get the sense that you need assistance with speaking to someone. I'm here to help you with that. To connect you with a human representative, please provide me with some more details about your specific concern or question. This will allow me to guide you more effectively and ensure that you receive the most accurate and personalized assistance. Your satisfaction is our top priority, and we are committed to resolving any issues you may have. Please take a moment to provide me with additional information. Thank you for your cooperation, and I appreciate your patience as we work together to find a solution.","{""action"": ""Escalate"", ""brief_reason"": ""The user is requesting human support, so the case should be escalated."", ""customer_response"": ""I understand that you would like to speak with a human support agent. I will route this request to the appropriate support team for further assistance.""}"
askback_to_escalate,I want to contact an agent,CONTACT,contact_human_agent,human_agent,Ask Back,Escalate,"The user is requesting human support, so the case should be escalated.",Thank you for reaching out! I completely understand your need to speak with an agent. Our dedicated team of experts is here to assist you. Please allow me a moment to connect you with the right person who can address your concerns. Your patience is greatly appreciated.,"We're listening! I'm keyed into the fact that you would like to speak with a human agent. Our team is here to assist you and ensure that you receive the personalized support you deserve. To connect you with the right agent for your specific inquiry, could you please provide me with a few more details about the nature of your request? This information will enable us to expedite and optimize your interaction with our skilled representatives. Thank you for your cooperation, and rest assured, we're dedicated to resolving your concern as quickly as possible.","{""action"": ""Escalate"", ""brief_reason"": ""The user is requesting human support, so the case should be escalated."", ""customer_response"": ""Thank you for reaching out! I completely understand your need to speak with an agent. Our dedicated team of experts is here to assist you. Please allow me a moment to connect you with the right person who can address your concerns. Your patience is greatly appreciated.""}"
askback_to_escalate,I'm trying to talk with a person,CONTACT,contact_human_agent,human_agent,Ask Back,Escalate,"The user is requesting human support, so the case should be escalated.","Thank you for reaching out! I completely understand your desire to speak with a person. Rest assured, I'm here to assist you in connecting with one of our dedicated human representatives who will be able to provide you with the personalized assistance you need. Please bear with me for a moment while I transfer you to a live agent who will address your concerns directly.","Thanks for getting in touch! I grasp that you are trying to talk with a person. We are here to assist you and ensure you receive the help you need. To connect with a live agent, please provide me with some additional details about your query or concern so that I can guide you in the best possible way. Your insights allow us to provide you with a personalized and efficient solution. Take a moment to share your specific need, and we'll do our utmost to connect you with the right person.","{""action"": ""Escalate"", ""brief_reason"": ""The user is requesting human support, so the case should be escalated."", ""customer_response"": ""Thank you for reaching out! I completely understand your desire to speak with a person. Rest assured, I'm here to assist you in connecting with one of our dedicated human representatives who will be able to provide you with the personalized assistance you need. Please bear with me for a moment while I transfer you to a live agent who will address your concerns directly.""}"
askback_to_escalate,want assistance speaking with a person,CONTACT,contact_human_agent,human_agent,Ask Back,Escalate,"The user is requesting human support, so the case should be escalated.",I understand that you would like to speak with a human support agent. I will route this request to the appropriate support team for further assistance.,"I hear you! I'm following you that you're seeking assistance and would like to speak with a person. Rest assured, we're here to help! To better assist you, could you please provide some details about the specific issue or topic you need assistance with? This will allow us to connect you with the most suitable representative who can provide personalized support tailored to your needs. Thank you for your cooperation, and we appreciate your patience as we work towards resolving your concerns.","{""action"": ""Escalate"", ""brief_reason"": ""The user is requesting human support, so the case should be escalated."", ""customer_response"": ""I understand that you would like to speak with a human support agent. I will route this request to the appropriate support team for further assistance.""}"
askback_to_escalate,"you are not helpful, help talking to an operator",CONTACT,contact_human_agent,human_agent,Ask Back,Escalate,"The user is requesting human support, so the case should be escalated.","Thank you for reaching out! I apologize if you feel that our assistance hasn't been helpful so far. I understand your need to speak with an operator directly. Rest assured, I'm here to assist you in connecting with one of our dedicated human representatives who will be able to provide the personalized support you require. Please bear with me while I transfer you to a live agent who will address your concerns promptly.","I apologize if you feel that the assistance provided so far has not been helpful. I understand your frustration and I'm here to help. May I kindly ask you to provide some more details about the issue you are facing? This will allow me to better understand your concern and guide you towards the most suitable solution. While I gather this information, rest assured that I'll also arrange for you to talk to one of our expert operators who will be able to assist you further. Thank you for your patience, and your satisfaction is our top priority.","{""action"": ""Escalate"", ""brief_reason"": ""The user is requesting human support, so the case should be escalated."", ""customer_response"": ""Thank you for reaching out! I apologize if you feel that our assistance hasn't been helpful so far. I understand your need to speak with an operator directly. Rest assured, I'm here to assist you in connecting with one of our dedicated human representatives who will be able to provide the personalized support you require. Please bear with me while I transfer you to a live agent who will address your concerns promptly.""}"
askback_to_escalate,speaking to human agent,CONTACT,contact_human_agent,human_agent,Ask Back,Escalate,"The user is requesting human support, so the case should be escalated.",I understand that you would like to speak with a human support agent. I will route this request to the appropriate support team for further assistance.,"Honored to assist! I'm clued in that you are looking to speak to a human agent. It's great that you prefer personalized assistance. Rest assured, I'm here to help and connect you with the right person who can provide the support you need. To proceed further, may I ask you to provide some more information about the nature of your inquiry or any specific topic you would like to discuss? With this additional information, I can ensure that you are connected to the most suitable representative who can address your concerns effectively. Take a moment to share, and we'll make sure to assist you promptly.","{""action"": ""Escalate"", ""brief_reason"": ""The user is requesting human support, so the case should be escalated."", ""customer_response"": ""I understand that you would like to speak with a human support agent. I will route this request to the appropriate support team for further assistance.""}"
askback_to_escalate,i try to talk to a perrson,CONTACT,contact_human_agent,human_agent,Ask Back,Escalate,"The user is requesting human support, so the case should be escalated.",I understand that you would like to speak with a human support agent. I will route this request to the appropriate support team for further assistance.,"Glad you contacted us! I'm clearly cognizant that you have been trying to talk to a person. I apologize for any inconvenience you may have experienced. Rest assured, I'm here to assist you. To get you connected to a human representative, please provide some more details about the specific issue or question you have. This will help me better understand your needs and ensure that you receive the most appropriate assistance. Your satisfaction is our priority, and we are committed to resolving any concerns you may have.","{""action"": ""Escalate"", ""brief_reason"": ""The user is requesting human support, so the case should be escalated."", ""customer_response"": ""I understand that you would like to speak with a human support agent. I will route this request to the appropriate support team for further assistance.""}"
askback_to_escalate,assistance to speak to someone,CONTACT,contact_human_agent,human_agent,Ask Back,Escalate,"The user is requesting human support, so the case should be escalated.",I understand that you would like to speak with a human support agent. I will route this request to the appropriate support team for further assistance.,"I hear you! I'm following you that you need assistance in speaking to someone, and I'm here to help. Our team of dedicated human representatives is ready to assist you with any questions or concerns you may have. To provide you with the most accurate guidance, could you please specify the nature of your query? Once I have more information, I can ensure that you are directed to the right person who can assist you further. Your satisfaction is our top priority, and we appreciate your patience as we connect you to the appropriate team member.","{""action"": ""Escalate"", ""brief_reason"": ""The user is requesting human support, so the case should be escalated."", ""customer_response"": ""I understand that you would like to speak with a human support agent. I will route this request to the appropriate support team for further assistance.""}"
askback_to_escalate,can I speak with an agent?,CONTACT,contact_human_agent,human_agent,Ask Back,Escalate,"The user is requesting human support, so the case should be escalated.","I’ll route this to a human support agent so they can review the case and assist you further. Please keep any relevant order, account, or issue details available for the agent.","I see what you mean! I'm on the same page that you would like to speak with an agent, and I'm here to assist you. To connect you with one of our knowledgeable agents, could you please provide me with some more information about the specific topic or query you need assistance with? This will help ensure that the agent assigned to you is the best fit to address your concerns. Your insights enable us to provide you with the most tailored support. While I'm gathering the necessary information, please bear with me for a moment. We value your time and appreciate your patience.","{""action"": ""Escalate"", ""brief_reason"": ""The user is requesting human support, so the case should be escalated."", ""customer_response"": ""I’ll route this to a human support agent so they can review the case and assist you further. Please keep any relevant order, account, or issue details available for the agent.""}"
askback_to_escalate,I want assistance to speak with a human agent,CONTACT,contact_human_agent,human_agent,Ask Back,Escalate,"The user is requesting human support, so the case should be escalated.",Thank you for reaching out! I completely understand that you need assistance in speaking with a human agent. Our team of dedicated representatives is here to help you. Please allow me a moment to connect you with someone who can provide the personalized support you require.,"We appreciate your message! It's clear to me that you are seeking assistance to speak with a human agent. Rest assured, I am here to help! To connect with a human agent, please provide me with some more information about your query or concern. This will enable me to guide you more effectively and ensure that the human agent addresses your specific needs. Your cooperation is greatly appreciated, and we are committed to providing you with the best possible support. Together, we will find a solution tailored to your requirements.","{""action"": ""Escalate"", ""brief_reason"": ""The user is requesting human support, so the case should be escalated."", ""customer_response"": ""Thank you for reaching out! I completely understand that you need assistance in speaking with a human agent. Our team of dedicated representatives is here to help you. Please allow me a moment to connect you with someone who can provide the personalized support you require.""}"
askback_to_escalate,I try to talk to an assistant,CONTACT,contact_human_agent,human_agent,Ask Back,Escalate,"The user is requesting human support, so the case should be escalated.","Thank you for reaching out! I completely understand your need to speak with an assistant. Rest assured, I'm here to help you connect with one of our dedicated human representatives who will provide the assistance you require. Please bear with me for a moment while I transfer you to a live agent who can address your concerns directly.","Thank you for reaching out! I completely understand that you've been trying to speak with an assistant. I apologize for any inconvenience you may have experienced in reaching us. Our team of dedicated human representatives is here to help. Could you please provide more details about the specific assistance you require? This will allow us to better understand your needs and ensure that we connect you with the most appropriate assistant. Your satisfaction and successful resolution are our top priorities. While we prepare to assist you further, feel free to let me know how I can be of any help in the meantime.","{""action"": ""Escalate"", ""brief_reason"": ""The user is requesting human support, so the case should be escalated."", ""customer_response"": ""Thank you for reaching out! I completely understand your need to speak with an assistant. Rest assured, I'm here to help you connect with one of our dedicated human representatives who will provide the assistance you require. Please bear with me for a moment while I transfer you to a live agent who can address your concerns directly.""}"
askback_to_escalate,i have to speak to an assistant,CONTACT,contact_human_agent,human_agent,Ask Back,Escalate,"The user is requesting human support, so the case should be escalated.","I’ll route this to a human support agent so they can review the case and assist you further. Please keep any relevant order, account, or issue details available for the agent.","We're all ears! I'm tuned into the idea that you need to speak to an assistant. Rest assured, I'm here to assist you. Before connecting you with a human assistant, may I kindly ask for a few more details about your issue? This will help ensure that the assistant is fully equipped to provide you with the most accurate support. Your cooperation is greatly appreciated, and I'll do my best to make sure you're connected to the right person as quickly as possible.","{""action"": ""Escalate"", ""brief_reason"": ""The user is requesting human support, so the case should be escalated."", ""customer_response"": ""I’ll route this to a human support agent so they can review the case and assist you further. Please keep any relevant order, account, or issue details available for the agent.""}"
askback_to_escalate,I want help talking with someone,CONTACT,contact_human_agent,human_agent,Ask Back,Escalate,"The user is requesting human support, so the case should be escalated.",We're here to help! I take note that you need assistance in speaking with someone. Our dedicated team of human representatives is here to help you. Please allow me a moment to connect you with the right person who can address your concerns. Your patience is greatly appreciated.,"Your reach-out is appreciated! I'm sensing that you want help talking with someone. We value your need for personalized assistance, and I'm here to assist you. May I ask what specific topic or query you need help with? By understanding your concerns, I can ensure that we connect you with the most suitable representative who can provide the necessary support. Your insights empower us, so please take a moment to share your concerns. While you do, be assured that we are preparing the best assistance for you. We are committed to being with you every step of the way.","{""action"": ""Escalate"", ""brief_reason"": ""The user is requesting human support, so the case should be escalated."", ""customer_response"": ""We're here to help! I take note that you need assistance in speaking with someone. Our dedicated team of human representatives is here to help you. Please allow me a moment to connect you with the right person who can address your concerns. Your patience is greatly appreciated.""}"
askback_to_escalate,can you help me talk to an operator?,CONTACT,contact_human_agent,human_agent,Ask Back,Escalate,"The user is requesting human support, so the case should be escalated.","I’ll route this to a human support agent so they can review the case and assist you further. Please keep any relevant order, account, or issue details available for the agent.","We're here to help! I take note that you're seeking assistance in speaking with an operator. Rest assured, I'm here to help! To connect you with an operator, could you please provide me with a bit more information about the nature of your query or concern? This will enable the operator to address your specific needs effectively. We value your trust in our service and are committed to assisting you every step of the way. Take a moment to share the details, and we'll ensure you receive the dedicated support you need.","{""action"": ""Escalate"", ""brief_reason"": ""The user is requesting human support, so the case should be escalated."", ""customer_response"": ""I’ll route this to a human support agent so they can review the case and assist you further. Please keep any relevant order, account, or issue details available for the agent.""}"
askback_to_escalate,I want help speaking to a live agent,CONTACT,contact_human_agent,human_agent,Ask Back,Escalate,"The user is requesting human support, so the case should be escalated.","We're here to help! I take note that you're seeking assistance in speaking to a live agent. Our dedicated team of experts is ready to provide personalized support and address any concerns you may have. To connect you with a live agent, please allow me a moment to transfer your call. Your patience is greatly appreciated.","We're here to help! I take note that you are seeking assistance in speaking to a live agent. Rest assured, I'm here to help! To ensure that you are connected with the right person, could you please provide me with some additional information about your inquiry or the specific department you need assistance from? This will help me direct you to the most suitable agent who can provide you with the support you need. Thank you for your cooperation, and please know that I'll do my best to ensure you have a pleasant interaction with our live agent.","{""action"": ""Escalate"", ""brief_reason"": ""The user is requesting human support, so the case should be escalated."", ""customer_response"": ""We're here to help! I take note that you're seeking assistance in speaking to a live agent. Our dedicated team of experts is ready to provide personalized support and address any concerns you may have. To connect you with a live agent, please allow me a moment to transfer your call. Your patience is greatly appreciated.""}"
askback_to_escalate,i want help talking with someone,CONTACT,contact_human_agent,human_agent,Ask Back,Escalate,"The user is requesting human support, so the case should be escalated.",I understand that you would like to speak with a human support agent. I will route this request to the appropriate support team for further assistance.,"It's great to hear from you! I can see that you need assistance with talking to someone. I'm here to help you with that. To connect you with a human representative, please allow me a moment. While we're preparing the best support for you, could you please provide me with more details about your inquiry or the specific topic you need help with? This will help us ensure that the right person assists you effectively. Thank you for your cooperation, and we appreciate your patience.","{""action"": ""Escalate"", ""brief_reason"": ""The user is requesting human support, so the case should be escalated."", ""customer_response"": ""I understand that you would like to speak with a human support agent. I will route this request to the appropriate support team for further assistance.""}"
askback_to_escalate,I want assistance to talk with an assistant,CONTACT,contact_human_agent,human_agent,Ask Back,Escalate,"The user is requesting human support, so the case should be escalated.","Thank you for reaching out! I completely understand that you need assistance in talking with an assistant. Rest assured, I'm here to help you connect with one of our knowledgeable human representatives who will provide the support you require. Please bear with me while I transfer you to a live agent who will be able to assist you further.","Thank you for reaching out! I appreciate your request for assistance to talk with an assistant. Our team is here to support you every step of the way. To connect you with the right assistant, could you please provide some more details about the specific issue or question you have? This will help us ensure that you receive the most tailored assistance possible. Your insights empower us to better address your needs. While you share the details, we are preparing to assist you. Stay with me for a moment, and I'll make sure you're connected with an assistant who can help.","{""action"": ""Escalate"", ""brief_reason"": ""The user is requesting human support, so the case should be escalated."", ""customer_response"": ""Thank you for reaching out! I completely understand that you need assistance in talking with an assistant. Rest assured, I'm here to help you connect with one of our knowledgeable human representatives who will provide the support you require. Please bear with me while I transfer you to a live agent who will be able to assist you further.""}"
askback_to_escalate,i want help speaking to somebody,CONTACT,contact_human_agent,human_agent,Ask Back,Escalate,"The user is requesting human support, so the case should be escalated.",I understand that you would like to speak with a human support agent. I will route this request to the appropriate support team for further assistance.,"Glad you contacted us! I'm clearly cognizant that you're seeking assistance in speaking to somebody. I apologize for any inconvenience you may have experienced. Rest assured, I'm here to help you connect with a human representative who can provide the guidance you need. To expedite the process, could you please provide me with some additional information about the specific issue or question you have? This will enable me to ensure that the right person is assigned to assist you effectively. Your insights are invaluable and will help us deliver the best support possible. While I gather this information, please bear with me. We're just a few moments away from connecting you to a dedicated team member who will be more than happy to assist you further. Thank you for your patience and cooperation.","{""action"": ""Escalate"", ""brief_reason"": ""The user is requesting human support, so the case should be escalated."", ""customer_response"": ""I understand that you would like to speak with a human support agent. I will route this request to the appropriate support team for further assistance.""}"
askback_to_escalate,assistance talking with an agent,CONTACT,contact_human_agent,human_agent,Ask Back,Escalate,"The user is requesting human support, so the case should be escalated.",I understand that you would like to speak with a human support agent. I will route this request to the appropriate support team for further assistance.,"I hear you! I'm following you that you need assistance and would like to talk with one of our agents. Our team of dedicated agents is here to help you with any questions or concerns you may have. To ensure that we provide you with the most accurate and efficient support, please let me know the nature of your request or the specific issue you need assistance with. This will help us assign the best agent to handle your query. Rest assured, we are committed to providing you with the highest level of service and resolving your issue as quickly as possible. Thank you for your patience, and I'm confident that our team will be able to assist you effectively.","{""action"": ""Escalate"", ""brief_reason"": ""The user is requesting human support, so the case should be escalated."", ""customer_response"": ""I understand that you would like to speak with a human support agent. I will route this request to the appropriate support team for further assistance.""}"
askback_to_escalate,help to talk with a person,CONTACT,contact_human_agent,human_agent,Ask Back,Escalate,"The user is requesting human support, so the case should be escalated.",I understand that you would like to speak with a human support agent. I will route this request to the appropriate support team for further assistance.,"We appreciate your message! It's clear to me that you need assistance in connecting with a human representative. Rest assured, I'm here to help you with that. To ensure a smooth and personalized experience, could you please provide me with some additional details about your inquiry? This will allow me to direct you to the most appropriate person who can address your concerns effectively. Your cooperation is greatly appreciated, and together we'll find the best solution.","{""action"": ""Escalate"", ""brief_reason"": ""The user is requesting human support, so the case should be escalated."", ""customer_response"": ""I understand that you would like to speak with a human support agent. I will route this request to the appropriate support team for further assistance.""}"
askback_to_escalate,I try to speak to an assistant,CONTACT,contact_human_agent,human_agent,Ask Back,Escalate,"The user is requesting human support, so the case should be escalated.","Thank you for reaching out! I completely understand your desire to speak with an assistant. Rest assured, I'm here to help you connect with one of our knowledgeable human representatives who can provide personalized assistance. Please bear with me for a moment while I transfer you to a dedicated agent who will be able to address your concerns directly.","Grateful for your contact! I get the sense that you have been trying to speak to an assistant. I apologize for the inconvenience you may have faced. Rest assured, I'm here to assist you. Could you please provide me with more details about the specific assistance you require? Understanding your needs will enable me to connect you with the right person who can address your concerns promptly. Your satisfaction is our top priority, and we are committed to resolving any issues you may be experiencing.","{""action"": ""Escalate"", ""brief_reason"": ""The user is requesting human support, so the case should be escalated."", ""customer_response"": ""Thank you for reaching out! I completely understand your desire to speak with an assistant. Rest assured, I'm here to help you connect with one of our knowledgeable human representatives who can provide personalized assistance. Please bear with me for a moment while I transfer you to a dedicated agent who will be able to address your concerns directly.""}"
askback_to_escalate,is it possible to speak with an agent,CONTACT,contact_human_agent,human_agent,Ask Back,Escalate,"The user is requesting human support, so the case should be escalated.",I understand that you would like to speak with a human support agent. I will route this request to the appropriate support team for further assistance.,"Your reach-out is appreciated! I'm sensing that you are wondering if it's possible to speak with an agent. Our team is here to assist you in the best way possible. To ensure that you receive the most accurate and personalized support, may I ask you to kindly provide some more details about your inquiry? This will help us connect you with the most suitable representative who can address your specific needs. We value your time and are committed to ensuring a seamless experience for you. Please take a moment to let us know how we can assist you further. We appreciate your cooperation and look forward to helping you resolve any concerns you may have.","{""action"": ""Escalate"", ""brief_reason"": ""The user is requesting human support, so the case should be escalated."", ""customer_response"": ""I understand that you would like to speak with a human support agent. I will route this request to the appropriate support team for further assistance.""}"
askback_to_escalate,can udirect ot me somebody,CONTACT,contact_human_agent,human_agent,Ask Back,Escalate,"The user is requesting human support, so the case should be escalated.",I understand that you would like to speak with a human support agent. I will route this request to the appropriate support team for further assistance.,It's great to hear from you! I can see that you are looking for someone to direct you to the right person. I'm here to assist you in connecting with the appropriate representative who can address your needs. Could you please provide me with more information about the specific assistance you require? This will help me guide you to the right individual swiftly and efficiently.,"{""action"": ""Escalate"", ""brief_reason"": ""The user is requesting human support, so the case should be escalated."", ""customer_response"": ""I understand that you would like to speak with a human support agent. I will route this request to the appropriate support team for further assistance.""}"
askback_to_escalate,I try to speak to an operator,CONTACT,contact_human_agent,human_agent,Ask Back,Escalate,"The user is requesting human support, so the case should be escalated.",Thank you for reaching out! I completely understand your desire to speak with an operator. Our team of dedicated human representatives is here to assist you further. Please allow me a moment to connect you with someone who can provide the personalized support you need.,"Thanks for getting in touch! I grasp that you are trying to speak to an operator. Our team is trained to provide excellent assistance to our customers, and I'm here to guide you through the process. To connect you with an operator, could you please provide me with some details about the issue or question you have? This will help me direct you to the right department and ensure that you receive the most relevant support.","{""action"": ""Escalate"", ""brief_reason"": ""The user is requesting human support, so the case should be escalated."", ""customer_response"": ""Thank you for reaching out! I completely understand your desire to speak with an operator. Our team of dedicated human representatives is here to assist you further. Please allow me a moment to connect you with someone who can provide the personalized support you need.""}"
askback_to_escalate,talk with a human agent,CONTACT,contact_human_agent,human_agent,Ask Back,Escalate,"The user is requesting human support, so the case should be escalated.",I understand that you would like to speak with a human support agent. I will route this request to the appropriate support team for further assistance.,"We're here to help! I take note that you are seeking to speak with a human agent. Your request is important, and I'm here to assist you every step of the way. To connect you with the right person who can address your concerns effectively, may I kindly ask for some additional information? Please provide me with a brief description of your issue, and any specific details you would like the agent to know. This will help us streamline the process and ensure that you receive the best possible support. Thank you for your cooperation, and please know that we are committed to resolving your issue in a prompt and satisfactory manner.","{""action"": ""Escalate"", ""brief_reason"": ""The user is requesting human support, so the case should be escalated."", ""customer_response"": ""I understand that you would like to speak with a human support agent. I will route this request to the appropriate support team for further assistance.""}"
askback_to_escalate,I have got to contact a human agent,CONTACT,contact_human_agent,human_agent,Ask Back,Escalate,"The user is requesting human support, so the case should be escalated.","Thank you for reaching out! I completely understand your need to speak with a human agent. Your concerns and queries are important to us, and we want to ensure that you receive personalized assistance. Please allow me a moment to connect you with one of our dedicated representatives who will be able to address your needs promptly. Stay with me, and I'll make sure you're connected to the right person.","Thanks for getting in touch! I grasp that you are seeking to contact a human agent for assistance. I'm here to help you with that. To connect you with a human agent, could you please provide me with more information about the issue or question you have? This will allow me to direct you to the most appropriate department or representative who can assist you promptly and effectively. Your feedback is valuable to us, and we want to make sure we address your concerns properly.","{""action"": ""Escalate"", ""brief_reason"": ""The user is requesting human support, so the case should be escalated."", ""customer_response"": ""Thank you for reaching out! I completely understand your need to speak with a human agent. Your concerns and queries are important to us, and we want to ensure that you receive personalized assistance. Please allow me a moment to connect you with one of our dedicated representatives who will be able to address your needs promptly. Stay with me, and I'll make sure you're connected to the right person.""}"
askback_to_escalate,want assistance talking to an operator,CONTACT,contact_human_agent,human_agent,Ask Back,Escalate,"The user is requesting human support, so the case should be escalated.","I’ll route this to a human support agent so they can review the case and assist you further. Please keep any relevant order, account, or issue details available for the agent.","Your input is valuable! I'm picking up that you need assistance talking to an operator. Rest assured, I'm here to help you connect with the right person who can assist you further. Before I proceed, may I kindly ask for some additional details about your concern? This will enable me to direct you to the most suitable operator who can address your specific needs. Your cooperation is greatly appreciated, and I assure you that we will make sure you receive the assistance you require.","{""action"": ""Escalate"", ""brief_reason"": ""The user is requesting human support, so the case should be escalated."", ""customer_response"": ""I’ll route this to a human support agent so they can review the case and assist you further. Please keep any relevant order, account, or issue details available for the agent.""}"
askback_to_escalate,is it possible to speakto a person?,CONTACT,contact_human_agent,human_agent,Ask Back,Escalate,"The user is requesting human support, so the case should be escalated.",I understand that you would like to speak with a human support agent. I will route this request to the appropriate support team for further assistance.,"We're here for you! I'm aware that you're looking to speak to a person and I'm here to help you with that. Rest assured, we have dedicated human representatives available to assist you. To connect you with the right person for your specific needs, could you please provide me with some more details about the nature of your inquiry or the specific assistance you require? With this information, I'll be able to ensure that you are connected with the most suitable person who can assist you further. Your patience is highly appreciated, and we value your time.","{""action"": ""Escalate"", ""brief_reason"": ""The user is requesting human support, so the case should be escalated."", ""customer_response"": ""I understand that you would like to speak with a human support agent. I will route this request to the appropriate support team for further assistance.""}"
askback_to_escalate,i want  assistance speaking with an assistant,CONTACT,contact_human_agent,human_agent,Ask Back,Escalate,"The user is requesting human support, so the case should be escalated.","I’ll route this to a human support agent so they can review the case and assist you further. Please keep any relevant order, account, or issue details available for the agent.","Grateful for your contact! I get the sense that you are seeking assistance and would like to speak with an assistant. Our team of dedicated representatives is available to help you with any questions or concerns you may have. To connect you with the right person, could you please provide some more details about the specific assistance you need? This will help us ensure that we provide you with the most accurate and personalized support. We value your time and aim to provide you with exceptional service.","{""action"": ""Escalate"", ""brief_reason"": ""The user is requesting human support, so the case should be escalated."", ""customer_response"": ""I’ll route this to a human support agent so they can review the case and assist you further. Please keep any relevant order, account, or issue details available for the agent.""}"
askback_to_escalate,I have to contact an assistant,CONTACT,contact_human_agent,human_agent,Ask Back,Escalate,"The user is requesting human support, so the case should be escalated.","We're here to help! I take note that you need to contact an assistant. Our dedicated team of human representatives is here to assist you. Please allow me a moment to connect you with the right person who can provide the assistance you need. Your satisfaction is our top priority, and we appreciate your patience.","Thank you for trusting us! I'm fully aware of you need to contact an assistant. Our team of dedicated human representatives is here to assist you. Please provide me with a few more details about your query, so that I can connect you with the most suitable assistant. Your satisfaction is our top priority, and we are committed to providing you with the best possible support. While I gather the necessary information, please feel free to share any specific concerns or questions you have. We appreciate your patience and look forward to helping you.","{""action"": ""Escalate"", ""brief_reason"": ""The user is requesting human support, so the case should be escalated."", ""customer_response"": ""We're here to help! I take note that you need to contact an assistant. Our dedicated team of human representatives is here to assist you. Please allow me a moment to connect you with the right person who can provide the assistance you need. Your satisfaction is our top priority, and we appreciate your patience.""}"
askback_to_escalate,i want help talking to an operator,CONTACT,contact_human_agent,human_agent,Ask Back,Escalate,"The user is requesting human support, so the case should be escalated.","I’ll route this to a human support agent so they can review the case and assist you further. Please keep any relevant order, account, or issue details available for the agent.","Grateful for your contact! I get the sense that you're looking for assistance in speaking to an operator. Our goal is to ensure you receive the support you need. As a first step, could you please provide me with more information about the issue or question you have? Understanding the nature of your request will enable me to connect you with the most suitable operator who can assist you effectively. We're here to help, so go ahead and share the details.","{""action"": ""Escalate"", ""brief_reason"": ""The user is requesting human support, so the case should be escalated."", ""customer_response"": ""I’ll route this to a human support agent so they can review the case and assist you further. Please keep any relevant order, account, or issue details available for the agent.""}"
askback_to_escalate,I want help notifying of troubles with online paymnet,PAYMENT,payment_issue,payment_refund,Ask Back,Escalate,This is a payment or refund-related case that may require billing support or official review.,"I’m sorry about this payment or refund issue. This case should be reviewed by our billing support team, so I will escalate it for manual review and further assistance.","Indeed! We're here to assist you with any troubles you're facing regarding online payments. Please provide us with more details about the specific issues you're encountering so that we can better understand and address your concerns. Your feedback is essential as it helps us improve our system and provide you with the best possible support. Thank you for reaching out to us, and we'll work together to resolve these troubles.","{""action"": ""Escalate"", ""brief_reason"": ""This is a payment or refund-related case that may require billing support or official review."", ""customer_response"": ""I’m sorry about this payment or refund issue. This case should be reviewed by our billing support team, so I will escalate it for manual review and further assistance.""}"
askback_to_escalate,can you help me report troubles with payment?,PAYMENT,payment_issue,payment_refund,Ask Back,Escalate,This is a payment or refund-related case that may require billing support or official review.,"I’m sorry about the payment or refund issue. This case may require billing review, so it should be escalated to the billing support team for manual investigation. Please keep your order number or payment reference ready, but do not share full card details here.","Indeed! I'm here to assist you with reporting any troubles you're facing with payment. Please provide me with more details about the specific issue or error you encountered. The more information you can share, the better I'll be able to understand and address the problem effectively. Together, we'll work towards finding a resolution and ensuring a seamless payment experience for you. Thank you for reaching out to us with your concerns.","{""action"": ""Escalate"", ""brief_reason"": ""This is a payment or refund-related case that may require billing support or official review."", ""customer_response"": ""I’m sorry about the payment or refund issue. This case may require billing review, so it should be escalated to the billing support team for manual investigation. Please keep your order number or payment reference ready, but do not share full card details here.""}"
askback_to_escalate,I nerd to report a trouble with online payment,PAYMENT,payment_issue,payment_refund,Ask Back,Escalate,This is a payment or refund-related case that may require billing support or official review.,"I’m sorry about this payment or refund issue. This case should be reviewed by our billing support team, so I will escalate it for manual review and further assistance.","I appreciate you reaching out to report the trouble you're facing with your online payment. Rest assured, I'm here to assist you every step of the way to resolve this issue. To better understand the problem, could you please provide more details about the specific trouble you encountered? By sharing this information, you not only help us pinpoint the problem but also enable us to improve our system for future users. Thank you for your patience and cooperation.","{""action"": ""Escalate"", ""brief_reason"": ""This is a payment or refund-related case that may require billing support or official review."", ""customer_response"": ""I’m sorry about this payment or refund issue. This case should be reviewed by our billing support team, so I will escalate it for manual review and further assistance.""}"
askback_to_escalate,I have to inform of damn problems with payment,PAYMENT,payment_issue,payment_refund,Ask Back,Escalate,This is a payment or refund-related case that may require billing support or official review.,"I’m sorry about this payment or refund issue. This case should be reviewed by our billing support team, so I will escalate it for manual review and further assistance.","I'm really sorry to hear that you're experiencing such difficulties with your payment. I completely understand how frustrating it can be. Rest assured, I'm here to help and guide you through the process of reporting the problem. Please provide me with specific details about the payment errors you're facing, such as any error codes or messages you've encountered. This information will enable us to investigate and address the issue more effectively. Together, we'll work towards a resolution and ensure a smoother payment experience for you. Thank you for bringing this to our attention.","{""action"": ""Escalate"", ""brief_reason"": ""This is a payment or refund-related case that may require billing support or official review."", ""customer_response"": ""I’m sorry about this payment or refund issue. This case should be reviewed by our billing support team, so I will escalate it for manual review and further assistance.""}"
askback_to_escalate,I need help notifying of a trouble with online payments,PAYMENT,payment_issue,payment_refund,Ask Back,Escalate,This is a payment or refund-related case that may require billing support or official review.,"I’m sorry about this payment or refund issue. This case should be reviewed by our billing support team, so I will escalate it for manual review and further assistance.","I've become conscious that you're experiencing some trouble with your online payments, and I'm here to help. Please provide me with more details about the issue you encountered so that I can assist you in notifying the appropriate team and resolve this matter as quickly as possible. Rest assured, we are committed to ensuring a smooth payment experience for you and appreciate your patience as we work towards a resolution.","{""action"": ""Escalate"", ""brief_reason"": ""This is a payment or refund-related case that may require billing support or official review."", ""customer_response"": ""I’m sorry about this payment or refund issue. This case should be reviewed by our billing support team, so I will escalate it for manual review and further assistance.""}"
askback_to_escalate,help to solve an error withonline payments,PAYMENT,payment_issue,payment_refund,Ask Back,Escalate,This is a payment or refund-related case that may require billing support or official review.,"I’m sorry about the payment or refund issue. This case may require billing review, so it should be escalated to the billing support team for manual investigation. Please keep your order number or payment reference ready, but do not share full card details here.","I appreciate you reaching out for assistance in resolving an error with your online payments. Rest assured that I'm here to help you navigate through this issue and find a solution. To begin, it would be helpful if you could provide me with more specific details about the error you are encountering. This will enable us to pinpoint the root cause and take the necessary steps to rectify the situation. Additionally, please let me know the platform or service you are using for online payments, as this can further assist us in troubleshooting. Thank you for bringing this to our attention, and we'll work together to resolve it.","{""action"": ""Escalate"", ""brief_reason"": ""This is a payment or refund-related case that may require billing support or official review."", ""customer_response"": ""I’m sorry about the payment or refund issue. This case may require billing review, so it should be escalated to the billing support team for manual investigation. Please keep your order number or payment reference ready, but do not share full card details here.""}"
askback_to_escalate,solve problems with apyment,PAYMENT,payment_issue,payment_refund,Ask Back,Escalate,This is a payment or refund-related case that may require billing support or official review.,"I’m sorry about the payment or refund issue. This case may require billing review, so it should be escalated to the billing support team for manual investigation. Please keep your order number or payment reference ready, but do not share full card details here.","I'm sorry to hear that you're experiencing problems with your payment. Rest assured, I'm here to help you resolve this issue. To better understand and assist you, could you please provide more details about the specific problem you're facing? It could be related to a payment error, declined transaction, or any other payment-related issue. By sharing more information, we can work together to find a solution and ensure your payment is processed smoothly. Thank you for bringing this to our attention.","{""action"": ""Escalate"", ""brief_reason"": ""This is a payment or refund-related case that may require billing support or official review."", ""customer_response"": ""I’m sorry about the payment or refund issue. This case may require billing review, so it should be escalated to the billing support team for manual investigation. Please keep your order number or payment reference ready, but do not share full card details here.""}"
askback_to_escalate,i cannot check the compensation current status,REFUND,track_refund,payment_refund,Ask Back,Escalate,This is a payment or refund-related case that may require billing support or official review.,"I’m sorry about the payment or refund issue. This case may require billing review, so it should be escalated to the billing support team for manual investigation. Please keep your order number or payment reference ready, but do not share full card details here.","I fathom that you're having difficulties checking the current status of your compensation. Please allow me to assist you with that. In order for me to provide you with an accurate update, could you please provide me with some additional information? Specifically, I would need the reference number or any details related to your compensation. With that information, I'll be able to look into the status and provide you with the necessary updates. Thank you for your cooperation and patience as we work towards resolving this issue.","{""action"": ""Escalate"", ""brief_reason"": ""This is a payment or refund-related case that may require billing support or official review."", ""customer_response"": ""I’m sorry about the payment or refund issue. This case may require billing review, so it should be escalated to the billing support team for manual investigation. Please keep your order number or payment reference ready, but do not share full card details here.""}"
askback_to_escalate,i cannot check if there are any news on the compensation,REFUND,track_refund,payment_refund,Ask Back,Escalate,This is a payment or refund-related case that may require billing support or official review.,"I’m sorry about this payment or refund issue. This case should be reviewed by our billing support team, so I will escalate it for manual review and further assistance.","I understood that you're facing difficulties checking for any updates on the compensation. Let me assure you, I'm here to help. To provide you with the most accurate information, could you please provide me with the necessary details, such as the date of your compensation request or any reference number associated with it? Once I have this information, I'll be able to investigate the status of your compensation and provide you with the latest updates. Your patience is greatly appreciated as I work on resolving this for you.","{""action"": ""Escalate"", ""brief_reason"": ""This is a payment or refund-related case that may require billing support or official review."", ""customer_response"": ""I’m sorry about this payment or refund issue. This case should be reviewed by our billing support team, so I will escalate it for manual review and further assistance.""}"
askback_to_escalate,I have got to know if there are any news on my compensation,REFUND,track_refund,payment_refund,Ask Back,Escalate,This is a payment or refund-related case that may require billing support or official review.,"I’m sorry about the payment or refund issue. This case may require billing review, so it should be escalated to the billing support team for manual investigation. Please keep your order number or payment reference ready, but do not share full card details here.","I truly appreciate your need for updates on your compensation. Rest assured, I understand the importance of staying informed about the progress of your case. Let me quickly check the current status for you. While I'm doing that, may I ask if you have any specific concerns or questions regarding your compensation? Your insights and queries are valuable to us. Thank you for your patience while I gather the necessary information.","{""action"": ""Escalate"", ""brief_reason"": ""This is a payment or refund-related case that may require billing support or official review."", ""customer_response"": ""I’m sorry about the payment or refund issue. This case may require billing review, so it should be escalated to the billing support team for manual investigation. Please keep your order number or payment reference ready, but do not share full card details here.""}"
askback_to_escalate,i cant check my restitution current status,REFUND,track_refund,payment_refund,Ask Back,Escalate,This is a payment or refund-related case that may require billing support or official review.,"I’m sorry about the payment or refund issue. This case may require billing review, so it should be escalated to the billing support team for manual investigation. Please keep your order number or payment reference ready, but do not share full card details here.",We apologize for the inconvenience you are experiencing while trying to check the current status of your restitution. We understand how important it is for you to stay updated. Allow us to assist you further by providing the necessary information. Could you please provide us with the details of your restitution request? This will enable us to investigate the status and provide you with an accurate update. We appreciate your patience and collaboration in resolving this matter.,"{""action"": ""Escalate"", ""brief_reason"": ""This is a payment or refund-related case that may require billing support or official review."", ""customer_response"": ""I’m sorry about the payment or refund issue. This case may require billing review, so it should be escalated to the billing support team for manual investigation. Please keep your order number or payment reference ready, but do not share full card details here.""}"
askback_to_escalate,i want help to see the status of my compensation,REFUND,track_refund,payment_refund,Ask Back,Escalate,This is a payment or refund-related case that may require billing support or official review.,"I’m sorry about the payment or refund issue. This case may require billing review, so it should be escalated to the billing support team for manual investigation. Please keep your order number or payment reference ready, but do not share full card details here.","I'm with you, your need to check the status of your compensation. Rest assured, you are not alone in this. Let's work together to find the information you're looking for. Could you please provide me with some details such as the date of your claim submission or any reference numbers you may have received? This will enable me to quickly locate the status of your compensation and provide you with the most accurate update. Thank you for your cooperation, and I appreciate your patience.","{""action"": ""Escalate"", ""brief_reason"": ""This is a payment or refund-related case that may require billing support or official review."", ""customer_response"": ""I’m sorry about the payment or refund issue. This case may require billing review, so it should be escalated to the billing support team for manual investigation. Please keep your order number or payment reference ready, but do not share full card details here.""}"
askback_to_escalate,I cannot see if there are any updates on my compensation,REFUND,track_refund,payment_refund,Ask Back,Escalate,This is a payment or refund-related case that may require billing support or official review.,"I’m sorry about this payment or refund issue. This case should be reviewed by our billing support team, so I will escalate it for manual review and further assistance.","I understand your frustration regarding the lack of visibility on the updates of your compensation. It's essential for you to stay informed about the progress. Let me assist you in checking the current status of your compensation. Please bear with me while I gather the necessary information. I'll do my best to provide you with an update as soon as possible, ensuring you have the peace of mind you deserve.","{""action"": ""Escalate"", ""brief_reason"": ""This is a payment or refund-related case that may require billing support or official review."", ""customer_response"": ""I’m sorry about this payment or refund issue. This case should be reviewed by our billing support team, so I will escalate it for manual review and further assistance.""}"
